From,To,Wallet Addresses
20276886,20276889,""
20276062,20276064,""
20275916,20275918,""
20275835,20275837,""
20275761,20275763,""
20275620,20275622,""
20275383,20275385,""
20275329,20275333,""
20275326,20275328,""
20275102,20275104,""
20275098,20275100,""
20275092,20275094,""
20275065,20275067,""
20274944,20274946,""
20274736,20274738,""
20274652,20274654,""
20274577,20274579,""
20274561,20274563,""
20274554,20274556,""
20274358,20274361,""
20274054,20274056,""
20274037,20274039,""
20274025,20274027,""
20274007,20274009,""
20273832,20273834,""
20273677,20273679,""
20273634,20273636,""
20273280,20273282,""
20273180,20273182,""
20273161,20273163,""
20273121,20273123,""
20273082,20273084,""
20273048,20273050,""
20272974,20272976,""
20272905,20272907,""
20272830,20272832,""
20272786,20272788,""
20272762,20272764,""
20272416,20272418,""
20272265,20272267,""
20272134,20272136,""
20271997,20271999,""
20271569,20271571,""
20271289,20271291,""
20271248,20271251,""
20271236,20271239,""
20271231,20271234,""
20271153,20271155,""
20271082,20271084,""
20270835,20270837,""
20270833,20270835,""
20270827,20270829,""
20270785,20270787,""
20270743,20270746,""
20270728,20270740,""
20270725,20270727,""
20270720,20270723,""
20270717,20270719,""
20270632,20270634,""
20270338,20270340,""
20269819,20269821,""
20269750,20269752,""
20269479,20269481,""
20269468,20269470,""
20269465,20269467,""
20269417,20269419,""
20269366,20269368,""
20268797,20268799,""
20268439,20268441,""
20268390,20268394,""
20267726,20267728,""
20267383,20267385,""
20267379,20267381,""
20267285,20267287,""
20267270,20267272,""
20267028,20267030,""
20266344,20266348,""
20266237,20266239,""
20265930,20265932,""
20265647,20265649,""
20265257,20265259,""
20265044,20265046,""
20264656,20264672,""
20264650,20264652,""
20263621,20263624,""
20263600,20263602,""
20263390,20263392,""
20263007,20263009,""
20262951,20262953,""
20262604,20262608,""
20262352,20262354,""
20261963,20261965,""
20261811,20261813,""
20260975,20260977,""
20260812,20260814,""
20260604,20260606,""
20260555,20260557,""
20260485,20260488,""
20260483,20260485,""
20260474,20260476,""
20260443,20260445,""
20260403,20260405,""
20260278,20260280,""
20260265,20260267,""
20260022,20260024,""
20259924,20259926,""
20259357,20259359,""
20259336,20259338,""
20259030,20259032,""
20259013,20259015,""
20258630,20258632,""
20258549,20258551,""
20257914,20257916,""
20257855,20257857,""
20257540,20257542,""
20257527,20257529,""
20257204,20257206,""
20256981,20256984,""
20256964,20256966,""
20256954,20256956,""
20256948,20256951,""
20256944,20256947,""
20256940,20256943,""
20256934,20256936,""
20256920,20256923,""
20256914,20256920,""
20256695,20256697,""
20256319,20256321,""
20256271,20256273,""
20255868,20255870,""
20255722,20255724,""
20255668,20255670,""
20255649,20255651,""
20255621,20255623,""
20254813,20254815,""
20254780,20254783,""
20254468,20254470,""
20254237,20254239,""
20254167,20254169,""
20253845,20253847,""
20253748,20253750,""
20253663,20253665,""
20253640,20253642,""
20253534,20253536,""
20253527,20253529,""
20253246,20253248,""
20253140,20253142,""
20252842,20252844,""
20252800,20252802,""
20252789,20252791,""
20252578,20252580,""
20252427,20252429,""
20252367,20252369,""
20251748,20251750,""
20251586,20251588,""
20251506,20251509,""
20251201,20251203,""
20251177,20251179,""
20251093,20251095,""
20250757,20250759,""
20250683,20250685,""
20250666,20250668,""
20250623,20250625,""
20249991,20249993,""
20249847,20249849,""
20249808,20249810,""
20249660,20249662,""
20249583,20249587,""
20249080,20249082,""
20248353,20248355,""
20248275,20248277,""
20248134,20248136,""
20248093,20248095,""
20248005,20248007,""
20247603,20247619,""
20247575,20247577,""
20247543,20247546,""
20247398,20247400,""
20247389,20247391,""
20247255,20247257,""
20247173,20247175,""
20246994,20246996,""
20246547,20246550,""
20246416,20246418,""
20246376,20246379,""
20245156,20245158,""
20244987,20244990,""
20244977,20244980,""
20244509,20244511,""
20244437,20244439,""
20244403,20244407,""
20244378,20244380,""
20244097,20244099,""
20243871,20243873,""
20243672,20243674,""
20243644,20243646,""
20243637,20243640,""
20243616,20243618,""
20243471,20243473,""
20243362,20243364,""
20243359,20243361,""
20243276,20243278,""
20243156,20243158,""
20242961,20242963,""
20242748,20242750,""
20242581,20242583,""
20242538,20242540,""
20242417,20242422,""
20242233,20242237,""
20242130,20242132,""
20241784,20241786,""
20241375,20241379,""
20240460,20240462,""
20240325,20240327,""
20240094,20240096,""
20239818,20239820,""
20239783,20239785,""
20239748,20239750,""
20239272,20239274,""
20239243,20239245,""
20239003,20239005,""
20238869,20238872,""
20236991,20236993,""
20236935,20236937,""
20236675,20236677,""
20236652,20236655,""
20236642,20236644,""
20236598,20236601,""